open_timestamp_utc,close_timestamp_utc,open,high,low,close,volume
1571644800,1571648399,4.50000000,4.50000000,4.50000000,4.50000000,2.35000000
1571648400,1571651999,4.50000000,4.50000000,4.50000000,4.50000000,0.00000000
1571652000,1571655599,4.43990000,4.66220000,4.43990000,4.62490000,419.63000000
1571655600,1571659199,4.62910000,4.68270000,4.55500000,4.55500000,1334.09000000
1571659200,1571662799,4.55500000,4.57080000,4.54300000,4.54300000,581.32000000
1571662800,1571666399,4.55230000,4.55230000,4.53420000,4.53650000,519.80000000
1571666400,1571669999,4.54350000,4.54590000,4.53140000,4.54590000,650.22000000
1571670000,1571673599,4.54360000,4.54880000,4.50240000,4.51420000,566.89000000
1571673600,1571677199,4.52180000,4.53010000,4.50470000,4.53010000,287.66000000
1571677200,1571680799,4.53010000,4.53010000,4.53010000,4.53010000,0.00000000
1571680800,1571684399,4.53020000,4.53600000,4.53020000,4.53600000,63.75000000
1571684400,1571687999,4.56250000,4.59700000,4.56250000,4.58210000,129.80000000
1571688000,1571691599,4.57370000,4.57370000,4.57370000,4.57370000,16.15000000
1571691600,1571695199,4.57930000,4.59110000,4.57780000,4.59110000,40.42000000
1571695200,1571698799,4.58800000,4.64410000,4.58800000,4.64410000,470.28000000
1571698800,1571702399,4.64280000,4.64280000,4.60910000,4.60910000,333.68000000
1571702400,1571705999,4.61200000,4.61200000,4.61200000,4.61200000,60.54000000
1571706000,1571709599,4.60810000,4.61490000,4.60810000,4.61490000,39.91000000
1571709600,1571713199,4.62990000,4.64320000,4.62990000,4.64320000,136.06000000
1571713200,1571716799,4.63690000,4.64310000,4.62500000,4.64130000,384.04000000
1571716800,1571720399,4.61810000,4.61970000,4.60990000,4.60990000,190.06000000
1571720400,1571723999,4.60990000,4.60990000,4.60990000,4.60990000,0.00000000
1571724000,1571727599,4.57580000,4.57580000,4.57470000,4.57470000,41.99000000
1571727600,1571731199,4.60100000,4.60120000,4.58370000,4.58370000,459.34000000
1571731200,1571734799,4.58370000,4.58370000,4.58370000,4.58370000,0.00000000
1571734800,1571738399,4.59090000,4.59090000,4.59090000,4.59090000,19.81000000
1571738400,1571741999,4.59500000,4.59780000,4.55050000,4.55050000,340.68000000
1571742000,1571745599,4.56910000,4.57810000,4.56260000,4.57810000,102.20000000
1571745600,1571749199,4.58350000,4.58820000,4.56910000,4.56920000,92.21000000
1571749200,1571752799,4.56350000,4.57730000,4.55470000,4.57420000,340.17000000
1571752800,1571756399,4.55470000,4.55470000,4.55470000,4.55470000,3.86000000
1571756400,1571759999,4.54040000,4.56910000,4.53900000,4.55470000,430.06000000
1571760000,1571763599,4.56910000,4.56910000,4.55470000,4.55470000,7.72000000
1571763600,1571767199,4.55610000,4.55880000,4.55610000,4.55880000,40.79000000
1571767200,1571770799,4.56910000,4.56970000,4.56310000,4.56970000,45.47000000
1571770800,1571774399,4.55470000,4.55470000,4.55470000,4.55470000,3.86000000
1571774400,1571777999,4.54040000,4.54160000,4.54040000,4.54130000,65.28000000
1571778000,1571781599,4.54130000,4.54130000,4.54130000,4.54130000,0.00000000
1571781600,1571785199,4.54040000,4.54040000,4.48720000,4.49460000,97.79000000
1571785200,1571788799,4.50680000,4.51170000,4.42970000,4.45420000,514.35000000
1571788800,1571792399,4.46860000,4.46860000,4.46860000,4.46860000,3.86000000
1571792400,1571795999,4.48290000,4.48290000,4.48170000,4.48170000,10.25000000
1571796000,1571799599,4.46860000,4.46860000,4.46860000,4.46860000,3.86000000
1571799600,1571803199,4.45960000,4.45960000,4.33920000,4.37800000,3229.16000000
1571803200,1571806799,4.37630000,4.38490000,4.37140000,4.37140000,417.99000000
1571806800,1571810399,4.37740000,4.39910000,4.30200000,4.31790000,1097.59000000
1571810400,1571813999,4.31790000,4.31790000,4.31790000,4.31790000,0.00000000
1571814000,1571817599,4.34450000,4.35250000,4.31820000,4.32060000,1103.57000000
1571817600,1571821199,4.32060000,4.32060000,4.32060000,4.32060000,0.00000000
1571821200,1571824799,4.32060000,4.32060000,4.32060000,4.32060000,0.00000000
1571824800,1571828399,4.37300000,4.37300000,4.37300000,4.37300000,62.39000000
1571828400,1571831999,4.37300000,4.37300000,4.37300000,4.37300000,0.00000000
1571832000,1571835599,4.33550000,4.33840000,4.10620000,4.19290000,1244.81000000
1571835600,1571839199,4.18980000,4.21040000,4.14900000,4.19520000,1387.45000000
1571839200,1571842799,4.19140000,4.20290000,4.19140000,4.20120000,126.97000000
1571842800,1571846399,4.16780000,4.17370000,4.15950000,4.16520000,284.26000000
1571846400,1571849999,4.10000000,4.18990000,4.04750000,4.18890000,1942.28000000
1571850000,1571853599,4.18500000,4.22540000,4.18360000,4.22540000,175.60000000
1571853600,1571857199,4.22330000,4.24040000,4.22330000,4.24040000,165.20000000
1571857200,1571860799,4.24620000,4.25090000,4.23620000,4.24810000,159.67000000
1571860800,1571864399,4.22010000,4.22010000,4.20900000,4.20900000,216.61000000
1571864400,1571867999,4.22410000,4.23450000,4.22410000,4.23180000,132.60000000
1571868000,1571871599,4.22880000,4.24430000,4.21480000,4.21580000,160.43000000
1571871600,1571875199,4.22060000,4.24290000,4.22060000,4.23260000,409.48000000
1571875200,1571878799,4.24950000,4.26540000,4.24950000,4.26060000,412.97000000
1571878800,1571882399,4.24970000,4.24970000,4.24970000,4.24970000,18.15000000
1571882400,1571885999,4.24480000,4.24480000,4.23170000,4.23380000,356.53000000
1571886000,1571889599,4.22860000,4.23020000,4.21590000,4.22580000,503.17000000
1571889600,1571893199,4.23150000,4.24610000,4.22830000,4.23150000,433.40000000
1571893200,1571896799,4.24670000,4.24710000,4.23930000,4.24260000,166.23000000
1571896800,1571900399,4.23850000,4.23960000,4.18680000,4.20180000,1692.23000000
1571900400,1571903999,4.19880000,4.24210000,4.01820000,4.23600000,910.09000000
1571904000,1571907599,4.23200000,4.24770000,4.22110000,4.24770000,575.23000000
1571907600,1571911199,4.24950000,4.26120000,4.24110000,4.24660000,266.31000000
1571911200,1571914799,4.24370000,4.25030000,4.22470000,4.22470000,426.88000000
1571914800,1571918399,4.22640000,4.22740000,4.21900000,4.21900000,286.59000000
1571918400,1571921999,4.22250000,4.25350000,4.21880000,4.23790000,1186.25000000
1571922000,1571925599,4.24120000,4.25620000,4.23700000,4.25620000,368.63000000
1571925600,1571929199,4.25790000,4.31900000,4.25790000,4.31240000,1751.30000000
1571929200,1571932799,4.31380000,4.31380000,4.28470000,4.29430000,941.34000000
1571932800,1571936399,4.31500000,4.35220000,4.30520000,4.35000000,1443.96000000
1571936400,1571939999,4.35180000,4.35180000,4.33840000,4.34160000,741.99000000
1571940000,1571943599,4.35660000,4.35980000,4.34540000,4.34540000,340.42000000
1571943600,1571947199,4.33990000,4.34060000,4.33800000,4.34060000,138.02000000
1571947200,1571950799,4.34280000,4.34280000,4.32720000,4.32720000,54.53000000
1571950800,1571954399,4.31540000,4.31540000,4.26050000,4.26050000,398.01000000
1571954400,1571957999,4.29120000,4.29310000,4.28950000,4.29310000,135.56000000
1571958000,1571961599,4.29860000,4.29860000,4.26820000,4.26820000,221.23000000
1571961600,1571965199,4.26660000,4.27320000,4.26660000,4.27320000,79.12000000
1571965200,1571968799,4.25450000,4.26070000,4.24880000,4.25450000,450.44000000
1571968800,1571972399,4.24520000,4.24520000,4.24520000,4.24520000,15.77000000
1571972400,1571975999,4.26650000,4.26650000,4.26410000,4.26430000,153.63000000
1571976000,1571979599,4.25540000,4.25540000,4.24570000,4.24720000,255.82000000
1571979600,1571983199,4.25500000,4.27620000,4.23880000,4.27620000,377.25000000
1571983200,1571986799,4.27820000,4.27820000,4.25240000,4.25240000,277.68000000
1571986800,1571990399,4.27460000,4.28730000,4.27210000,4.28600000,564.26000000
1571990400,1571993999,4.30730000,4.31830000,4.28720000,4.28720000,1348.34000000
1571994000,1571997599,4.31010000,4.31010000,4.30860000,4.30860000,99.46000000
1571997600,1572001199,4.34950000,4.39060000,4.34830000,4.37200000,718.64000000
1572001200,1572004799,4.38620000,4.40580000,4.38380000,4.38380000,54.50000000
1572004800,1572008399,4.40110000,4.40110000,4.37930000,4.39560000,59.55000000
1572008400,1572011999,4.39860000,4.39870000,4.39270000,4.39280000,58.04000000
1572012000,1572015599,4.42610000,4.43960000,4.42610000,4.43820000,143.00000000
1572015600,1572019199,4.45330000,4.71270000,4.45330000,4.61120000,4556.15000000
1572019200,1572022799,4.61630000,4.72710000,4.61220000,4.72710000,523.36000000
1572022800,1572026399,4.72710000,4.98560000,4.65450000,4.71830000,1601.68000000
1572026400,1572029999,4.70010000,4.78670000,4.69790000,4.78450000,301.80000000
1572030000,1572033599,4.77020000,4.78450000,4.74300000,4.78450000,150.45000000
1572033600,1572037199,4.78300000,4.79890000,4.76530000,4.77570000,240.13000000
1572037200,1572040799,4.77020000,4.77020000,4.72710000,4.72710000,15.44000000
1572040800,1572044399,4.74130000,4.78450000,4.71970000,4.73370000,112.90000000
1572044400,1572047999,4.74140000,4.75580000,4.74080000,4.75580000,73.37000000
1572048000,1572051599,4.75760000,4.88830000,4.75760000,4.84200000,409.10000000
1572051600,1572055199,4.84210000,5.10290000,4.83700000,5.04030000,3134.67000000
1572055200,1572058799,5.03650000,5.08500000,4.73530000,4.75580000,2517.98000000
1572058800,1572062399,4.77020000,4.77020000,4.65460000,4.75000000,1344.94000000
1572062400,1572065999,4.74170000,4.79890000,4.72500000,4.79890000,1317.07000000
1572066000,1572069599,4.80670000,4.81320000,4.78070000,4.78070000,79.95000000
1572069600,1572073199,4.77020000,4.77020000,4.74140000,4.77020000,45.39000000
1572073200,1572076799,4.78450000,4.78480000,4.67770000,4.72710000,406.34000000
1572076800,1572080399,4.71580000,4.71580000,4.65530000,4.66270000,827.02000000
1572080400,1572083999,4.65530000,4.65530000,4.49730000,4.56910000,1225.66000000
1572084000,1572087599,4.58350000,4.66960000,4.58350000,4.62130000,252.15000000
1572087600,1572091199,4.63490000,4.65530000,4.61220000,4.61220000,151.37000000
1572091200,1572094799,4.62650000,4.68330000,4.62650000,4.64620000,230.46000000
1572094800,1572098399,4.64090000,4.64090000,4.56910000,4.56910000,286.52000000
1572098400,1572101999,4.55470000,4.59780000,4.55470000,4.58350000,14.00000000
1572102000,1572105599,4.59780000,4.62650000,4.59780000,4.59780000,40.74000000
1572105600,1572109199,4.58350000,4.58350000,4.50780000,4.55470000,440.10000000
1572109200,1572112799,4.54040000,4.54040000,4.51170000,4.51870000,52.34000000
1572112800,1572116399,4.54040000,4.56910000,4.48010000,4.54040000,294.97000000
1572116400,1572119999,4.55470000,4.56910000,4.51620000,4.54040000,336.95000000
1572120000,1572123599,4.55470000,4.59780000,4.55470000,4.59780000,140.70000000
1572123600,1572127199,4.58350000,4.61860000,4.58350000,4.59850000,194.63000000
1572127200,1572130799,4.58350000,4.58350000,4.55240000,4.55240000,210.00000000
1572130800,1572134399,4.54590000,4.59130000,4.53980000,4.58160000,622.09000000
1572134400,1572137999,4.58960000,4.62640000,4.58500000,4.59250000,1991.42000000
1572138000,1572141599,4.59390000,4.59580000,4.54750000,4.56590000,3553.43000000
1572141600,1572145199,4.56750000,4.57700000,4.56750000,4.57530000,1520.87000000
1572145200,1572148799,4.58350000,4.58350000,4.58350000,4.58350000,3.86000000
1572148800,1572152399,4.59780000,4.59780000,4.58350000,4.59780000,11.58000000
1572152400,1572155999,4.61220000,4.65530000,4.61220000,4.65530000,276.28000000
1572156000,1572159599,4.66960000,4.66960000,4.61220000,4.62650000,31.75000000
1572159600,1572163199,4.61220000,4.61220000,4.59780000,4.59780000,11.61000000
1572163200,1572166799,4.62650000,4.66960000,4.62650000,4.66960000,23.16000000
1572166800,1572170399,4.65530000,4.66210000,4.64090000,4.65530000,19.94000000
1572170400,1572173999,4.65530000,4.74140000,4.65530000,4.72710000,45.31000000
1572174000,1572177599,4.74140000,4.75580000,4.52600000,4.61220000,285.80000000
1572177600,1572181199,4.62310000,4.64090000,4.61220000,4.64050000,199.09000000
1572181200,1572184799,4.64090000,4.72710000,4.64090000,4.71270000,28.98000000
1572184800,1572188399,4.72710000,4.84200000,4.69840000,4.79890000,90.55000000
1572188400,1572191999,4.81320000,4.84200000,4.72710000,4.81320000,139.49000000
1572192000,1572195599,4.82760000,4.91380000,4.77020000,4.85630000,522.76000000
1572195600,1572199199,4.84200000,4.85630000,4.78450000,4.85630000,55.46000000
1572199200,1572202799,4.85500000,4.85500000,4.85500000,4.85500000,10.67000000
1572202800,1572206399,4.85500000,4.85500000,4.85500000,4.85500000,0.00000000
1572206400,1572209999,4.82760000,4.82760000,4.82760000,4.82760000,3.86000000
1572210000,1572213599,4.81320000,4.81320000,4.79890000,4.79890000,13.68000000
1572213600,1572217199,4.78450000,4.84200000,4.78450000,4.82760000,30.88000000
1572217200,1572220799,4.81320000,4.81320000,4.78450000,4.79060000,65.47000000
1572220800,1572224399,4.79890000,4.91380000,4.79890000,4.91380000,129.53000000
1572224400,1572227999,4.91380000,5.00000000,4.84200000,4.91380000,282.05000000
1572228000,1572231599,4.93540000,5.00980000,4.92590000,4.98610000,507.80000000
1572231600,1572235199,4.98330000,4.98330000,4.92100000,4.92100000,310.58000000
1572235200,1572238799,4.91420000,4.91420000,4.82760000,4.88510000,67.66000000
1572238800,1572242399,4.87070000,4.88510000,4.87070000,4.88510000,15.44000000
1572242400,1572245999,4.87070000,4.87070000,4.79890000,4.82760000,59.70000000
1572246000,1572249599,4.81320000,4.81320000,4.77020000,4.81320000,41.49000000
1572249600,1572253199,4.79890000,4.79890000,4.77020000,4.79890000,159.84000000
1572253200,1572256799,4.79910000,4.84200000,4.79910000,4.84200000,43.45000000
1572256800,1572260399,4.84230000,4.87070000,4.81320000,4.84680000,109.94000000
1572260400,1572263999,4.85630000,4.87100000,4.84200000,4.84210000,100.16000000
1572264000,1572267599,4.84200000,4.84200000,4.75580000,4.78450000,88.51000000
1572267600,1572271199,4.79890000,4.81320000,4.78340000,4.79890000,210.02000000
1572271200,1572274799,4.80980000,4.80980000,4.75180000,4.75180000,161.33000000
1572274800,1572278399,4.77020000,4.82760000,4.77020000,4.81320000,56.66000000
1572278400,1572281999,4.79890000,4.81320000,4.77020000,4.78450000,242.91000000
1572282000,1572285599,4.77020000,4.77720000,4.75190000,4.75190000,115.49000000
1572285600,1572289199,4.77020000,4.79890000,4.77020000,4.78670000,19.67000000
1572289200,1572292799,4.78970000,4.79890000,4.78970000,4.79890000,6.12000000
1572292800,1572296399,4.80480000,4.80490000,4.80480000,4.80490000,53.22000000
1572296400,1572299999,4.80740000,4.81240000,4.80740000,4.81240000,91.59000000
1572300000,1572303599,4.81320000,4.81320000,4.79890000,4.81320000,11.58000000
1572303600,1572307199,4.82130000,4.82760000,4.73560000,4.75580000,871.34000000
1572307200,1572310799,4.77020000,4.81320000,4.76210000,4.81320000,308.15000000
1572310800,1572314399,4.82760000,5.15080000,4.82760000,5.11630000,7844.06000000
1572314400,1572317999,5.05700000,5.05700000,4.97740000,5.05470000,5427.40000000
1572318000,1572321599,5.04440000,5.04750000,5.02590000,5.04740000,352.58000000
1572321600,1572325199,5.07400000,5.08120000,5.03460000,5.05860000,624.92000000
1572325200,1572328799,5.08650000,5.08650000,4.98440000,5.00000000,1135.54000000
1572328800,1572332399,5.01020000,5.01020000,4.95240000,4.95240000,189.15000000
1572332400,1572335999,4.95700000,4.98560000,4.95690000,4.96720000,152.35000000
1572336000,1572339599,4.95690000,4.95690000,4.89500000,4.92810000,67.31000000
1572339600,1572343199,4.92960000,4.95100000,4.92950000,4.95100000,65.46000000
1572343200,1572346799,4.95690000,4.97740000,4.95690000,4.97140000,366.71000000
1572346800,1572350399,4.95690000,4.95690000,4.94250000,4.95690000,32.87000000
1572350400,1572353999,4.95690000,4.95690000,4.91380000,4.92810000,177.47000000
1572354000,1572357599,4.92240000,4.92850000,4.80860000,4.85630000,452.32000000
1572357600,1572361199,4.87070000,4.90050000,4.87070000,4.90050000,135.97000000
1572361200,1572364799,4.88920000,4.88920000,4.85120000,4.88510000,1404.44000000
1572364800,1572368399,4.87810000,4.87810000,4.85630000,4.87070000,44.83000000
1572368400,1572371999,4.85630000,4.87070000,4.85380000,4.85380000,48.46000000
1572372000,1572375599,4.86860000,4.89270000,4.86860000,4.87830000,203.74000000
1572375600,1572379199,4.87070000,4.88510000,4.82300000,4.88510000,572.96000000
1572379200,1572382799,4.89940000,4.97690000,4.89940000,4.92450000,4229.60000000
1572382800,1572386399,4.92310000,4.92810000,4.91380000,4.92810000,136.56000000
1572386400,1572389999,4.94250000,4.96520000,4.94250000,4.96520000,354.94000000
1572390000,1572393599,4.96330000,4.96330000,4.90150000,4.93050000,592.95000000
1572393600,1572397199,4.93290000,4.93310000,4.88070000,4.91380000,806.67000000
1572397200,1572400799,4.89940000,4.97120000,4.88920000,4.95530000,179.39000000
1572400800,1572404399,4.97120000,4.97120000,4.92810000,4.92810000,2679.62000000
1572404400,1572407999,4.93010000,4.94250000,4.91380000,4.92810000,167.20000000
1572408000,1572411599,4.93410000,4.93410000,4.89130000,4.89500000,208.46000000
1572411600,1572415199,4.88510000,4.91580000,4.87860000,4.89940000,110.90000000
1572415200,1572418799,4.91380000,4.91380000,4.91380000,4.91380000,3.86000000
1572418800,1572422399,4.91440000,4.91440000,4.89940000,4.89940000,6.16000000
1572422400,1572425999,4.91380000,4.91380000,4.91380000,4.91380000,3.86000000
1572426000,1572429599,4.92810000,4.94250000,4.92810000,4.94250000,7.72000000
1572429600,1572433199,4.92810000,4.92810000,4.81320000,4.85630000,148.55000000
1572433200,1572436799,4.84200000,4.84200000,4.80600000,4.82760000,26.16000000
1572436800,1572440399,4.84200000,4.84200000,4.82760000,4.82760000,7.72000000
1572440400,1572443999,4.84200000,4.84200000,4.74140000,4.78450000,50.21000000
1572444000,1572447599,4.77020000,4.77020000,4.77020000,4.77020000,3.86000000
1572447600,1572451199,4.78450000,4.78450000,4.72860000,4.78450000,133.23000000
1572451200,1572454799,4.77020000,4.77020000,4.72710000,4.74310000,104.71000000
1572454800,1572458399,4.75580000,4.77020000,4.75580000,4.77020000,7.72000000
1572458400,1572461999,4.77170000,4.77170000,4.77170000,4.77170000,19.23000000
1572462000,1572465599,4.78450000,4.79890000,4.77540000,4.78450000,50.08000000
1572465600,1572469199,4.78450000,4.78450000,4.78450000,4.78450000,0.00000000
1572469200,1572472799,4.77020000,4.77020000,4.75580000,4.75580000,92.59000000
1572472800,1572476399,4.76790000,4.81320000,4.76790000,4.81320000,41.84000000
1572476400,1572479999,4.79890000,4.79890000,4.79250000,4.79250000,7.32000000
1572480000,1572483599,4.81320000,4.85630000,4.81170000,4.81170000,338.41000000
1572483600,1572487199,4.79890000,4.79890000,4.77000000,4.77020000,24.30000000
1572487200,1572490799,4.78450000,4.95690000,4.77020000,4.90140000,563.35000000
1572490800,1572494399,4.89940000,4.95930000,4.87070000,4.87070000,1845.78000000
1572494400,1572497999,4.85630000,4.85630000,4.82760000,4.84200000,915.70000000
1572498000,1572501599,4.85630000,4.88510000,4.85630000,4.88510000,11.58000000
1572501600,1572505199,4.89940000,4.90720000,4.84200000,4.89270000,771.01000000
1572505200,1572508799,4.87070000,4.87070000,4.84200000,4.84200000,128.20000000
1572508800,1572512399,4.85630000,4.86390000,4.81320000,4.85480000,665.67000000
1572512400,1572515999,4.84200000,4.84200000,4.70650000,4.74140000,587.10000000
1572516000,1572519599,4.72710000,4.74140000,4.68400000,4.73640000,249.14000000
1572519600,1572523199,4.75580000,4.81320000,4.75580000,4.78450000,352.32000000
1572523200,1572526799,4.79890000,4.85630000,4.79890000,4.85620000,507.88000000
1572526800,1572530399,4.82760000,4.82760000,4.82760000,4.82760000,3.86000000
1572530400,1572533999,4.82960000,4.82960000,4.82200000,4.82420000,38.41000000
1572534000,1572537599,4.84200000,4.84200000,4.79890000,4.79890000,22.04000000
1572537600,1572541199,4.78450000,4.82900000,4.78450000,4.82900000,27.79000000
1572541200,1572544799,4.84200000,4.84200000,4.84200000,4.84200000,3.86000000
1572544800,1572548399,4.84190000,4.84360000,4.82760000,4.82760000,30.66000000
1572548400,1572551999,4.81320000,4.81320000,4.81320000,4.81320000,3.86000000
1572552000,1572555599,4.79890000,4.79890000,4.78450000,4.78450000,91.39000000
1572555600,1572559199,4.79700000,4.80360000,4.77020000,4.78450000,329.26000000
1572559200,1572562799,4.78450000,4.78450000,4.78450000,4.78450000,0.00000000
1572562800,1572566399,4.79890000,4.81320000,4.79890000,4.81320000,7.72000000
1572566400,1572569999,4.79900000,4.81320000,4.79890000,4.81320000,28.61000000
1572570000,1572573599,4.81320000,4.81320000,4.81320000,4.81320000,0.00000000
1572573600,1572577199,4.79890000,4.84200000,4.79890000,4.84200000,182.83000000
1572577200,1572580799,4.82760000,4.82760000,4.82760000,4.82760000,3.86000000
1572580800,1572584399,4.81320000,4.82760000,4.81320000,4.82760000,6.76000000
1572584400,1572587999,4.82640000,4.82640000,4.82640000,4.82640000,22.91000000
1572588000,1572591599,4.82640000,4.82640000,4.82640000,4.82640000,0.00000000
1572591600,1572595199,4.82640000,4.82640000,4.82640000,4.82640000,0.00000000
1572595200,1572598799,4.82760000,4.88510000,4.82760000,4.88510000,12.89000000
1572598800,1572602399,4.87080000,4.87080000,4.84170000,4.87070000,63.84000000
1572602400,1572605999,4.85630000,4.92810000,4.85630000,4.92810000,51.54000000
1572606000,1572609599,4.94250000,4.94250000,4.87680000,4.87680000,404.07000000
1572609600,1572613199,4.87390000,4.89940000,4.87070000,4.89940000,234.99000000
1572613200,1572616799,4.91380000,4.91380000,4.82760000,4.84120000,1350.98000000
1572616800,1572620399,4.85630000,4.85630000,4.83370000,4.85630000,440.67000000
1572620400,1572623999,4.87070000,4.87070000,4.82330000,4.82330000,495.87000000
1572624000,1572627599,4.81320000,4.86680000,4.79890000,4.86680000,151.13000000
1572627600,1572631199,4.85070000,4.85130000,4.84200000,4.84200000,61.46000000
1572631200,1572634799,4.84420000,4.84420000,4.83710000,4.83710000,42.10000000
1572634800,1572638399,4.84290000,4.85630000,4.83520000,4.83520000,236.21000000
1572638400,1572641999,4.85630000,4.87070000,4.85630000,4.87070000,7.72000000
1572642000,1572645599,4.88510000,4.91380000,4.88510000,4.91380000,11.58000000
1572645600,1572649199,4.89940000,4.89940000,4.85530000,4.85530000,140.18000000
1572649200,1572652799,4.85770000,4.87430000,4.85770000,4.87430000,55.46000000
1572652800,1572656399,4.88510000,4.88870000,4.88510000,4.88870000,29.99000000
1572656400,1572659999,4.89940000,4.89940000,4.86780000,4.86780000,208.51000000
1572660000,1572663599,4.86780000,4.86780000,4.86780000,4.86780000,0.00000000
1572663600,1572667199,4.87240000,4.87240000,4.87240000,4.87240000,19.12000000
1572667200,1572670799,4.85630000,4.86970000,4.85630000,4.86970000,691.46000000
1572670800,1572674399,4.87070000,4.87070000,4.87070000,4.87070000,3.86000000
1572674400,1572677999,4.85630000,4.85630000,4.85630000,4.85630000,3.86000000
1572678000,1572681599,4.85630000,4.85630000,4.85630000,4.85630000,0.00000000
1572681600,1572685199,4.87070000,4.87070000,4.85630000,4.85630000,61.53000000
1572685200,1572688799,4.84200000,4.84200000,4.84200000,4.84200000,3.86000000
1572688800,1572692399,4.83860000,4.85630000,4.83860000,4.85630000,10.05000000
1572692400,1572695999,4.87070000,4.87070000,4.87070000,4.87070000,3.86000000
1572696000,1572699599,4.88510000,4.89940000,4.84030000,4.89940000,809.56000000
1572699600,1572703199,4.90500000,4.92840000,4.89740000,4.92310000,729.07000000
1572703200,1572706799,4.92510000,4.92510000,4.88510000,4.88510000,1027.58000000
1572706800,1572710399,4.88430000,4.89940000,4.87790000,4.89940000,217.95000000
1572710400,1572713999,4.91380000,5.04060000,4.91380000,4.98150000,2230.61000000
1572714000,1572717599,4.99080000,4.99080000,4.99080000,4.99080000,3.53000000
1572717600,1572721199,4.99180000,4.99180000,4.99180000,4.99180000,35.98000000
1572721200,1572724799,4.98010000,4.98010000,4.98010000,4.98010000,2.60000000
1572724800,1572728399,4.94640000,4.94640000,4.93870000,4.93870000,12.71000000
1572728400,1572731999,4.93290000,4.93290000,4.93290000,4.93290000,8.24000000
1572732000,1572735599,4.93920000,4.93920000,4.93920000,4.93920000,668.78000000
1572735600,1572739199,4.93920000,4.93920000,4.93920000,4.93920000,0.00000000
1572739200,1572742799,4.93920000,4.93920000,4.93920000,4.93920000,0.00000000
1572742800,1572746399,4.96930000,4.96930000,4.95320000,4.95320000,777.38000000
1572746400,1572749999,4.99170000,4.99790000,4.97730000,4.97730000,345.50000000
1572750000,1572753599,4.97730000,4.97730000,4.97730000,4.97730000,0.00000000
1572753600,1572757199,4.97730000,4.97730000,4.97730000,4.97730000,0.00000000
1572757200,1572760799,4.97730000,4.97730000,4.97730000,4.97730000,0.00000000
1572760800,1572764399,4.97730000,4.97730000,4.97730000,4.97730000,0.00000000
1572764400,1572767999,4.97730000,4.97730000,4.97730000,4.97730000,0.00000000
1572768000,1572771599,4.90710000,4.90960000,4.90710000,4.90960000,55.76000000
1572771600,1572775199,4.92680000,4.92680000,4.92660000,4.92660000,114.95000000
1572775200,1572778799,4.86200000,4.89120000,4.86200000,4.89120000,173.78000000
1572778800,1572782399,4.88040000,4.90600000,4.88040000,4.90600000,42.91000000
1572782400,1572785999,4.90670000,4.90670000,4.90670000,4.90670000,65.96000000
1572786000,1572789599,4.90670000,4.90670000,4.90670000,4.90670000,0.00000000
1572789600,1572793199,4.88970000,4.88970000,4.86450000,4.86450000,93.51000000
1572793200,1572796799,4.85910000,4.87940000,4.85910000,4.87940000,80.15000000
1572796800,1572800399,4.90710000,4.90710000,4.90710000,4.90710000,57.34000000
1572800400,1572803999,4.85510000,4.85630000,4.84720000,4.84880000,66.48000000
1572804000,1572807599,4.87140000,4.87300000,4.85490000,4.85490000,226.27000000
1572807600,1572811199,4.85490000,4.85490000,4.85490000,4.85490000,0.00000000
1572811200,1572814799,4.85490000,4.85490000,4.85490000,4.85490000,0.00000000
1572814800,1572818399,4.85490000,4.85680000,4.83970000,4.84980000,277.41000000
1572818400,1572821999,4.89520000,4.89520000,4.89520000,4.89520000,3.68000000
1572822000,1572825599,4.88240000,4.88960000,4.87700000,4.88960000,76.21000000
1572825600,1572829199,4.85000000,4.85000000,4.85000000,4.85000000,15.42000000
1572829200,1572832799,4.87590000,4.87590000,4.87590000,4.87590000,148.26000000
1572832800,1572836399,4.87590000,4.87590000,4.87590000,4.87590000,0.00000000
1572836400,1572839999,4.87590000,4.87590000,4.87590000,4.87590000,0.00000000
1572840000,1572843599,4.86760000,4.86760000,4.86760000,4.86760000,4.02000000
1572843600,1572847199,4.87610000,4.88860000,4.87610000,4.88860000,173.22000000
1572847200,1572850799,4.88860000,4.88860000,4.88860000,4.88860000,0.00000000
1572850800,1572854399,4.88860000,4.88860000,4.88860000,4.88860000,0.00000000
1572854400,1572857999,4.88860000,4.88860000,4.88860000,4.88860000,0.00000000
1572858000,1572861599,4.88950000,4.88950000,4.88950000,4.88950000,8.81000000
1572861600,1572865199,4.93290000,4.93290000,4.93290000,4.93290000,21.25000000
1572865200,1572868799,4.94740000,4.95470000,4.94740000,4.94920000,197.83000000
1572868800,1572872399,4.96750000,4.96750000,4.96750000,4.96750000,18.11000000
1572872400,1572875999,4.96750000,4.96750000,4.96750000,4.96750000,0.00000000
1572876000,1572879599,4.95260000,4.99410000,4.94580000,4.96900000,291.70000000
1572879600,1572883199,4.95920000,4.95920000,4.94350000,4.94350000,211.33000000
1572883200,1572886799,4.97660000,4.99820000,4.97660000,4.98500000,128.60000000
1572886800,1572890399,4.98850000,4.98850000,4.98700000,4.98700000,30.77000000
1572890400,1572893999,4.93980000,4.93980000,4.93710000,4.93710000,285.18000000
1572894000,1572897599,4.93710000,4.93710000,4.93710000,4.93710000,0.00000000
1572897600,1572901199,4.96700000,5.03590000,4.94220000,4.97170000,6540.78000000
1572901200,1572904799,4.98050000,4.98050000,4.95530000,4.95530000,385.25000000
1572904800,1572908399,4.94990000,4.94990000,4.94990000,4.94990000,151.00000000
1572908400,1572911999,4.95810000,4.95810000,4.94790000,4.94790000,31.63000000
1572912000,1572915599,4.95410000,4.95500000,4.94340000,4.94340000,762.18000000
1572915600,1572919199,4.94080000,4.99420000,4.94080000,4.98320000,843.15000000
1572919200,1572922799,4.96840000,4.98740000,4.96840000,4.97140000,154.56000000
1572922800,1572926399,4.97140000,4.97140000,4.97140000,4.97140000,0.00000000
1572926400,1572929999,4.97140000,4.97140000,4.97140000,4.97140000,0.00000000
1572930000,1572933599,4.97140000,4.97140000,4.97140000,4.97140000,0.00000000
1572933600,1572937199,4.94440000,4.94440000,4.90620000,4.90620000,169.77000000
1572937200,1572940799,4.87710000,4.89260000,4.85090000,4.89260000,773.11000000
1572940800,1572944399,4.88520000,4.91070000,4.88520000,4.90920000,169.89000000
1572944400,1572947999,4.94440000,4.96940000,4.94440000,4.96940000,188.24000000
1572948000,1572951599,4.93520000,4.93520000,4.93520000,4.93520000,5.00000000
1572951600,1572955199,4.94920000,4.95390000,4.94920000,4.95390000,57.50000000
1572955200,1572958799,4.95740000,4.97840000,4.95740000,4.96450000,39.84000000
1572958800,1572962399,4.95500000,4.95500000,4.94440000,4.94440000,150.40000000
1572962400,1572965999,4.94790000,4.97840000,4.94790000,4.97840000,17.42000000
1572966000,1572969599,5.00460000,5.02620000,5.00460000,5.01810000,151.11000000
1572969600,1572973199,5.03680000,5.05340000,4.98750000,5.03430000,602.90000000
1572973200,1572976799,5.03430000,5.04700000,5.03430000,5.04480000,84.61000000
1572976800,1572980399,5.05730000,5.05730000,5.05730000,5.05730000,3.12000000
1572980400,1572983999,5.05100000,5.06060000,5.05100000,5.06060000,35.54000000
1572984000,1572987599,5.05320000,5.05320000,5.05320000,5.05320000,14.50000000
1572987600,1572991199,5.05540000,5.05540000,5.05540000,5.05540000,3.58000000
1572991200,1572994799,5.01270000,5.01270000,5.00610000,5.01090000,71.57000000
1572994800,1572998399,5.01090000,5.01090000,5.01090000,5.01090000,0.00000000
1572998400,1573001999,5.02050000,5.02050000,5.02050000,5.02050000,9.65000000
1573002000,1573005599,5.02050000,5.02050000,5.02050000,5.02050000,0.00000000
1573005600,1573009199,5.04710000,5.04720000,5.04710000,5.04720000,19.55000000
1573009200,1573012799,5.03270000,5.03480000,5.03270000,5.03480000,71.82000000
1573012800,1573016399,5.06270000,5.19130000,5.06270000,5.15430000,2478.25000000
1573016400,1573019999,5.14300000,5.14300000,5.14300000,5.14300000,26.82000000
1573020000,1573023599,5.14600000,5.15380000,5.13220000,5.15380000,53.25000000
1573023600,1573027199,5.13500000,5.14960000,5.13110000,5.13110000,135.55000000
1573027200,1573030799,5.13110000,5.13110000,5.13110000,5.13110000,0.00000000
1573030800,1573034399,5.11400000,5.11400000,5.07300000,5.07300000,340.68000000
1573034400,1573037999,5.04460000,5.05760000,5.03700000,5.03700000,145.47000000
1573038000,1573041599,5.03230000,5.07200000,5.03230000,5.06650000,188.20000000
1573041600,1573045199,5.04320000,5.04950000,5.00460000,5.00460000,85.24000000
1573045200,1573048799,5.00460000,5.00460000,5.00460000,5.00460000,0.00000000
1573048800,1573052399,5.04720000,5.04720000,5.04720000,5.04720000,2.28000000
1573052400,1573055999,5.04660000,5.04660000,5.04660000,5.04660000,25.00000000
1573056000,1573059599,5.04150000,5.04150000,5.00000000,5.01070000,1170.98000000
1573059600,1573063199,5.02240000,5.02920000,5.02240000,5.02920000,68.53000000
1573063200,1573066799,5.00410000,5.02740000,5.00110000,5.00560000,1463.59000000
1573066800,1573070399,5.01940000,5.02740000,5.00230000,5.00230000,88.80000000
1573070400,1573073999,4.99920000,5.00440000,4.99920000,5.00440000,38.95000000
1573074000,1573077599,5.01570000,5.03680000,5.01570000,5.02630000,104.36000000
1573077600,1573081199,5.04720000,5.05140000,5.04720000,5.05140000,178.67000000
1573081200,1573084799,5.07670000,5.07800000,5.07350000,5.07350000,157.78000000
1573084800,1573088399,5.08710000,5.10080000,5.08230000,5.10080000,128.54000000
1573088400,1573091999,5.10090000,5.10360000,5.04630000,5.04940000,415.67000000
1573092000,1573095599,5.07460000,5.08380000,5.07460000,5.07520000,137.67000000
1573095600,1573099199,5.07520000,5.07520000,5.07520000,5.07520000,0.00000000
1573099200,1573102799,5.08870000,5.08870000,5.08300000,5.08300000,52.07000000
1573102800,1573106399,5.07450000,5.08430000,5.04440000,5.08430000,1106.79000000
1573106400,1573109999,5.10970000,5.11100000,5.09740000,5.09900000,835.39000000
1573110000,1573113599,5.09800000,5.09810000,5.07020000,5.08320000,304.29000000
1573113600,1573117199,5.09430000,5.16430000,5.08530000,5.12040000,3177.65000000
1573117200,1573120799,5.10650000,5.13610000,5.09720000,5.11040000,570.26000000
1573120800,1573124399,5.09030000,5.09030000,5.03940000,5.06340000,1257.10000000
1573124400,1573127999,5.07180000,5.08870000,5.06430000,5.08740000,530.94000000
1573128000,1573131599,5.08700000,5.14890000,5.08700000,5.14650000,1049.24000000
1573131600,1573135199,5.17320000,5.35200000,5.17320000,5.22190000,5278.33000000
1573135200,1573138799,5.22210000,5.22210000,5.18640000,5.18640000,353.28000000
1573138800,1573142399,5.16050000,5.16050000,5.10160000,5.10530000,416.09000000
1573142400,1573145999,5.08720000,5.19580000,5.08570000,5.16670000,1140.12000000
1573146000,1573149599,5.18120000,5.19820000,5.18120000,5.19700000,216.64000000
1573149600,1573153199,5.17100000,5.18570000,5.15290000,5.18010000,643.81000000
1573153200,1573156799,5.18010000,5.18300000,5.17140000,5.17150000,60.07000000
1573156800,1573160399,5.16120000,5.16460000,5.16120000,5.16460000,40.72000000
1573160400,1573163999,5.14220000,5.16790000,5.14220000,5.16790000,179.18000000
1573164000,1573167599,5.20380000,5.28290000,5.16080000,5.25550000,6182.98000000
1573167600,1573171199,5.22920000,5.23550000,5.21280000,5.23550000,261.40000000
1573171200,1573174799,5.20930000,5.20930000,5.18210000,5.18720000,450.17000000
1573174800,1573178399,5.21520000,5.25890000,5.21310000,5.22920000,1005.66000000
1573178400,1573181999,5.24670000,5.26420000,5.24060000,5.26420000,251.78000000
1573182000,1573185599,5.26850000,5.27630000,5.25870000,5.26460000,193.16000000
1573185600,1573189199,5.25320000,5.25320000,5.23280000,5.23280000,172.69000000
1573189200,1573192799,5.21980000,5.22410000,5.21980000,5.22410000,31.83000000
1573192800,1573196399,5.21040000,5.21040000,5.18280000,5.18280000,320.78000000
1573196400,1573199999,5.19230000,5.19230000,5.16310000,5.17110000,572.96000000
1573200000,1573203599,5.14520000,5.14520000,5.11520000,5.14080000,669.03000000
1573203600,1573207199,5.13080000,5.13410000,5.08180000,5.09430000,1367.59000000
1573207200,1573210799,5.12460000,5.14390000,5.11160000,5.11160000,516.11000000
1573210800,1573214399,5.13720000,5.16000000,5.13360000,5.13680000,547.51000000
1573214400,1573217999,5.12770000,5.13800000,5.09510000,5.10250000,638.30000000
1573218000,1573221599,5.09220000,5.09220000,4.86990000,4.93500000,4290.11000000
1573221600,1573225199,4.93220000,4.93990000,4.77420000,4.87490000,2598.29000000
1573225200,1573228799,4.87710000,4.92670000,4.84000000,4.92670000,925.21000000
1573228800,1573232399,4.92360000,4.92760000,4.88350000,4.91170000,974.24000000
1573232400,1573235999,4.93450000,4.93450000,4.92630000,4.92630000,112.62000000
1573236000,1573239599,4.94440000,4.97840000,4.94340000,4.94960000,327.45000000
1573239600,1573243199,4.96410000,4.96410000,4.95720000,4.95720000,80.08000000
1573243200,1573246799,4.95720000,4.95720000,4.95720000,4.95720000,0.00000000
1573246800,1573250399,4.96260000,5.00270000,4.96260000,5.00270000,416.29000000
1573250400,1573253999,4.98360000,4.99700000,4.98360000,4.99700000,72.79000000
1573254000,1573257599,4.97200000,4.97200000,4.97120000,4.97200000,204.32000000
1573257600,1573261199,4.94930000,4.99920000,4.93880000,4.99920000,616.10000000
1573261200,1573264799,4.98660000,4.99480000,4.98170000,4.98330000,219.72000000
1573264800,1573268399,5.01270000,5.01270000,5.01270000,5.01270000,2.28000000
1573268400,1573271999,5.02630000,5.04710000,5.00840000,5.04710000,104.15000000
1573272000,1573275599,5.02190000,5.02190000,5.00460000,5.01230000,592.60000000
1573275600,1573279199,5.02530000,5.02530000,5.01870000,5.01870000,89.15000000
1573279200,1573282799,5.02960000,5.02960000,4.98920000,4.98990000,1202.43000000
1573282800,1573286399,5.00360000,5.00360000,4.95350000,4.95350000,222.97000000
1573286400,1573289999,4.95450000,4.97940000,4.94270000,4.97940000,683.59000000
1573290000,1573293599,4.97920000,4.98290000,4.97390000,4.97500000,142.66000000
1573293600,1573297199,4.99640000,4.99640000,4.99640000,4.99640000,13.02000000
1573297200,1573300799,4.99980000,4.99980000,4.94440000,4.94440000,461.82000000
1573300800,1573304399,4.95850000,4.96180000,4.95020000,4.95360000,100.72000000
1573304400,1573307999,4.96440000,4.97840000,4.94660000,4.97840000,365.80000000
1573308000,1573311599,4.98340000,4.98340000,4.93960000,4.94240000,470.24000000
1573311600,1573315199,4.93000000,4.94610000,4.91980000,4.94610000,283.19000000
1573315200,1573318799,4.93610000,4.95870000,4.92560000,4.92700000,500.68000000
1573318800,1573322399,4.95160000,4.95160000,4.94480000,4.94640000,314.97000000
1573322400,1573325999,4.94730000,4.95400000,4.94730000,4.95400000,108.91000000
1573326000,1573329599,4.94310000,4.95600000,4.94310000,4.95600000,119.70000000
1573329600,1573333199,4.95600000,4.95600000,4.95600000,4.95600000,0.00000000
1573333200,1573336799,4.96070000,4.96080000,4.94740000,4.94930000,80.03000000
1573336800,1573340399,4.93960000,4.94980000,4.93960000,4.94980000,115.54000000
1573340400,1573343999,4.94980000,4.94980000,4.94980000,4.94980000,0.00000000
1573344000,1573347599,4.94330000,4.94330000,4.94160000,4.94170000,84.12000000
1573347600,1573351199,4.94170000,4.94170000,4.94170000,4.94170000,0.00000000
1573351200,1573354799,4.94170000,4.94170000,4.94170000,4.94170000,0.00000000
1573354800,1573358399,4.93950000,4.93950000,4.91720000,4.91720000,28.22000000
1573358400,1573361999,4.93070000,4.95770000,4.93070000,4.95770000,249.45000000
1573362000,1573365599,4.93290000,4.99930000,4.93290000,4.98420000,714.18000000
1573365600,1573369199,5.01270000,5.01810000,4.98690000,4.98690000,213.01000000
1573369200,1573372799,4.98690000,4.98690000,4.98690000,4.98690000,0.00000000
1573372800,1573376399,5.00140000,5.00140000,4.99900000,4.99900000,26.72000000
1573376400,1573379999,4.99090000,4.99090000,4.99090000,4.99090000,4.46000000
1573380000,1573383599,4.97840000,4.97840000,4.97840000,4.97840000,2.28000000
1573383600,1573387199,4.99210000,4.99210000,4.99210000,4.99210000,4.00000000
1573387200,1573390799,4.99210000,4.99210000,4.99210000,4.99210000,0.00000000
1573390800,1573394399,4.96710000,4.96710000,4.96610000,4.96610000,276.48000000
1573394400,1573397999,4.97470000,4.97470000,4.96900000,4.96900000,139.36000000
1573398000,1573401599,4.98080000,4.98080000,4.97360000,4.97770000,44.80000000
1573401600,1573405199,4.96030000,6.77700000,4.93720000,5.05790000,12667.26000000
1573405200,1573408799,5.06190000,5.06310000,5.05660000,5.05660000,275.87000000
1573408800,1573412399,5.05510000,5.05510000,5.05510000,5.05510000,2.81000000
1573412400,1573415999,5.04980000,5.06130000,5.04980000,5.06130000,23.42000000
1573416000,1573419599,5.05810000,5.05810000,5.05810000,5.05810000,6.52000000
1573419600,1573423199,5.05810000,5.05810000,5.05810000,5.05810000,0.00000000
1573423200,1573426799,5.05140000,5.05380000,5.05140000,5.05380000,81.23000000
1573426800,1573430399,5.05380000,5.05380000,5.05380000,5.05380000,0.00000000
1573430400,1573433999,5.04470000,5.04470000,5.04420000,5.04420000,78.04000000
1573434000,1573437599,5.04420000,5.04420000,5.04420000,5.04420000,0.00000000
1573437600,1573441199,5.06430000,5.06810000,5.06430000,5.06810000,24.96000000
1573441200,1573444799,5.03240000,5.03240000,5.01280000,5.01280000,282.60000000
1573444800,1573448399,5.01280000,5.01500000,4.99170000,4.99170000,857.07000000
1573448400,1573451999,4.99170000,4.99740000,4.97840000,4.98930000,520.64000000
1573452000,1573455599,4.97920000,4.97920000,4.92860000,4.92870000,912.36000000
1573455600,1573459199,4.93400000,4.93400000,4.93400000,4.93400000,2.07000000
1573459200,1573462799,4.91490000,4.91490000,4.89380000,4.89380000,448.84000000
1573462800,1573466399,4.87710000,4.90710000,4.81840000,4.82820000,7214.44000000
1573466400,1573469999,4.86890000,4.87710000,4.86850000,4.87660000,380.70000000
1573470000,1573473599,4.87680000,4.87700000,4.86280000,4.87700000,374.12000000
1573473600,1573477199,4.87290000,4.87590000,4.87120000,4.87590000,200.99000000
1573477200,1573480799,4.86750000,4.86750000,4.86750000,4.86750000,6.01000000
1573480800,1573484399,4.87710000,4.91070000,4.87710000,4.91070000,2.42000000
1573484400,1573487999,4.90760000,4.90950000,4.88000000,4.88530000,668.56000000
1573488000,1573491599,4.88590000,4.90000000,4.88590000,4.90000000,161.54000000
1573491600,1573495199,4.90150000,4.90170000,4.90020000,4.90020000,129.68000000
1573495200,1573498799,4.90020000,4.90020000,4.90020000,4.90020000,0.00000000
1573498800,1573502399,4.89700000,4.89700000,4.89700000,4.89700000,4.45000000
1573502400,1573505999,4.91770000,4.91770000,4.90560000,4.90560000,99.86000000
1573506000,1573509599,4.89590000,4.89590000,4.89340000,4.89340000,101.80000000
1573509600,1573513199,4.89790000,4.89790000,4.88560000,4.88560000,283.84000000
1573513200,1573516799,4.88220000,4.88220000,4.87260000,4.87260000,162.75000000
1573516800,1573520399,4.87690000,4.88860000,4.87690000,4.88860000,72.62000000
1573520400,1573523999,4.88950000,4.89890000,4.88020000,4.89210000,396.73000000
1573524000,1573527599,4.90510000,4.91860000,4.90510000,4.91360000,350.85000000
1573527600,1573531199,4.90100000,4.90100000,4.89840000,4.89840000,46.30000000
1573531200,1573534799,4.90650000,4.90650000,4.90650000,4.90650000,13.99000000
1573534800,1573538399,4.89320000,4.90550000,4.89320000,4.90310000,131.00000000
1573538400,1573541999,4.91280000,4.92070000,4.89900000,4.90030000,774.69000000
1573542000,1573545599,4.90920000,4.90920000,4.90920000,4.90920000,90.37000000
1573545600,1573549199,4.90810000,4.90810000,4.90760000,4.90760000,24.95000000
1573549200,1573552799,4.89100000,4.89100000,4.87710000,4.87710000,70.85000000
1573552800,1573556399,4.87710000,4.87710000,4.87710000,4.87710000,0.00000000
1573556400,1573559999,4.87490000,4.87490000,4.86880000,4.86880000,178.49000000
1573560000,1573563599,4.91070000,4.92570000,4.84960000,4.87140000,1593.57000000
1573563600,1573567199,4.85440000,4.86140000,4.81260000,4.82150000,274.79000000
1573567200,1573570799,4.81070000,4.82920000,4.79050000,4.82920000,685.84000000
1573570800,1573574399,4.79920000,4.84950000,4.79920000,4.84950000,56.62000000
1573574400,1573577999,4.85920000,4.87710000,4.85920000,4.87710000,77.04000000
1573578000,1573581599,4.88440000,4.88960000,4.88440000,4.88960000,30.45000000
1573581600,1573585199,4.88270000,4.88270000,4.87510000,4.87510000,120.17000000
1573585200,1573588799,4.87960000,4.88470000,4.87020000,4.88400000,90.27000000
1573588800,1573592399,4.88310000,4.90520000,4.88270000,4.88650000,643.29000000
1573592400,1573595999,4.88580000,4.89430000,4.88290000,4.88290000,110.49000000
1573596000,1573599599,4.88090000,4.90560000,4.88090000,4.90030000,126.63000000
1573599600,1573603199,4.90320000,4.90920000,4.89430000,4.90010000,516.87000000
1573603200,1573606799,4.90370000,4.90470000,4.88760000,4.88760000,130.51000000
1573606800,1573610399,4.87750000,4.87750000,4.87750000,4.87750000,17.09000000
1573617600,1573621199,4.87030000,4.87520000,4.86760000,4.86840000,211.57000000
1573621200,1573624799,4.87320000,4.88550000,4.85770000,4.87020000,679.97000000
1573624800,1573628399,4.86090000,4.87520000,4.86090000,4.87520000,123.25000000
1573628400,1573631999,4.86910000,4.87230000,4.86610000,4.86610000,419.11000000
1573632000,1573635599,4.86610000,4.90480000,4.86600000,4.88830000,665.36000000
1573635600,1573639199,4.88820000,4.89320000,4.88220000,4.89320000,97.63000000
1573639200,1573642799,4.90380000,4.91010000,4.89600000,4.89600000,124.19000000
1573642800,1573646399,4.90050000,4.90050000,4.88590000,4.88590000,42.81000000
1573646400,1573649999,4.89110000,4.89270000,4.86680000,4.86680000,53.09000000
1573650000,1573653599,4.86060000,4.86060000,4.84380000,4.84380000,46.16000000
1573653600,1573657199,4.84440000,4.85210000,4.84330000,4.85210000,19.00000000
1573657200,1573660799,4.83810000,4.84050000,4.83050000,4.83720000,129.63000000
1573660800,1573664399,4.83720000,4.83720000,4.83720000,4.83720000,0.00000000
1573664400,1573667999,4.83720000,4.83720000,4.83720000,4.83720000,0.00000000
1573668000,1573671599,4.84950000,4.84950000,4.84100000,4.84100000,19.77000000
1573671600,1573675199,4.83470000,4.83470000,4.83470000,4.83470000,17.05000000
1573675200,1573678799,4.82870000,4.82870000,4.82870000,4.82870000,15.50000000
1573678800,1573682399,4.82870000,4.82870000,4.82870000,4.82870000,0.00000000
1573682400,1573685999,4.82870000,4.82870000,4.82870000,4.82870000,0.00000000
1573686000,1573689599,4.84490000,4.84490000,4.84490000,4.84490000,16.77000000
1573689600,1573693199,4.84490000,4.84490000,4.84490000,4.84490000,0.00000000
1573693200,1573696799,4.84490000,4.84490000,4.84490000,4.84490000,0.00000000
1573696800,1573700399,4.83240000,4.83240000,4.83240000,4.83240000,6.72000000
1573700400,1573703999,4.84390000,4.84390000,4.84390000,4.84390000,7.32000000
1573704000,1573707599,4.81260000,4.81700000,4.79750000,4.81280000,150.60000000
1573707600,1573711199,4.80210000,4.80210000,4.78860000,4.79470000,39.95000000
1573711200,1573714799,4.80870000,4.80870000,4.80870000,4.80870000,2.40000000
1573714800,1573718399,4.79640000,4.79640000,4.78920000,4.78920000,83.74000000
1573718400,1573721999,4.77790000,4.77790000,4.71290000,4.72920000,213.16000000
1573722000,1573725599,4.73050000,4.74530000,4.73050000,4.74530000,5.74000000
1573725600,1573729199,4.75170000,4.75290000,4.75170000,4.75260000,170.27000000
1573729200,1573732799,4.72000000,4.72000000,4.69010000,4.69130000,1060.72000000
1573732800,1573736399,4.69130000,4.69130000,4.69130000,4.69130000,0.00000000
1573736400,1573739999,4.70610000,4.74530000,4.70610000,4.74530000,63.48000000
1573740000,1573743599,4.73750000,4.73750000,4.73750000,4.73750000,6.94000000
1573743600,1573747199,4.71290000,4.71290000,4.66700000,4.66700000,172.69000000
1573747200,1573750799,4.66700000,4.66700000,4.66700000,4.66700000,0.00000000
1573750800,1573754399,4.70470000,4.70470000,4.70470000,4.70470000,3.00000000
1573754400,1573757999,4.69620000,4.69620000,4.68680000,4.68680000,53.40000000
1573758000,1573761599,4.69050000,4.69300000,4.69050000,4.69300000,14.37000000
1573761600,1573765199,4.69450000,4.69450000,4.69450000,4.69450000,17.33000000
1573765200,1573768799,4.69450000,4.69450000,4.69450000,4.69450000,0.00000000
1573768800,1573772399,4.69450000,4.69450000,4.69450000,4.69450000,0.00000000
1573772400,1573775999,4.74530000,4.75620000,4.74530000,4.75620000,4.20000000
1573776000,1573779599,4.71290000,4.71290000,4.71040000,4.71040000,12.80000000
1573779600,1573783199,4.68470000,4.70100000,4.68460000,4.70100000,36.42000000
1573783200,1573786799,4.68690000,4.68690000,4.65360000,4.67010000,182.34000000
1573786800,1573790399,4.68180000,4.68180000,4.68180000,4.68180000,2.20000000
1573790400,1573793999,4.67770000,4.68170000,4.67670000,4.68170000,79.16000000
1573794000,1573797599,4.68760000,4.68760000,4.68760000,4.68760000,6.03000000
1573797600,1573801199,4.68760000,4.68760000,4.68760000,4.68760000,0.00000000
1573801200,1573804799,4.68760000,4.68760000,4.68760000,4.68760000,0.00000000
1573804800,1573808399,4.71630000,4.73420000,4.71630000,4.73420000,148.70000000
1573808400,1573811999,4.74530000,4.79910000,4.73050000,4.74050000,558.58000000
1573812000,1573815599,4.74140000,4.74140000,4.74140000,4.74140000,13.73000000
1573815600,1573819199,4.76200000,4.76200000,4.74850000,4.75020000,64.00000000
1573819200,1573822799,4.75720000,4.75720000,4.75720000,4.75720000,14.75000000
1573822800,1573826399,4.75040000,4.75330000,4.72620000,4.72620000,155.23000000
1573826400,1573829999,4.71290000,4.71290000,4.44380000,4.55020000,756.18000000
1573830000,1573833599,4.52170000,4.55770000,4.50120000,4.55260000,250.17000000
1573833600,1573837199,4.52440000,4.54960000,4.52440000,4.53130000,154.86000000
1573837200,1573840799,4.53130000,4.53130000,4.53130000,4.53130000,0.00000000
1573840800,1573844399,4.53900000,4.53900000,4.53380000,4.53380000,17.35000000
1573844400,1573847999,4.54750000,4.54750000,4.54750000,4.54750000,11.96000000
1573848000,1573851599,4.54750000,4.54750000,4.54750000,4.54750000,0.00000000
1573851600,1573855199,4.54750000,4.54750000,4.54750000,4.54750000,0.00000000
1573855200,1573858799,4.55950000,4.56130000,4.55950000,4.56130000,63.22000000
1573858800,1573862399,4.56350000,4.56350000,4.55140000,4.55610000,126.63000000
1573862400,1573865999,4.56620000,4.56620000,4.56620000,4.56620000,12.34000000
1573866000,1573869599,4.56520000,4.56520000,4.55690000,4.55690000,20.90000000
1573869600,1573873199,4.55690000,4.55690000,4.55690000,4.55690000,0.00000000
1573873200,1573876799,4.56020000,4.56020000,4.56020000,4.56020000,15.69000000
1573876800,1573880399,4.56020000,4.56020000,4.56020000,4.56020000,0.00000000
1573880400,1573883999,4.56020000,4.56020000,4.56020000,4.56020000,0.00000000
1573884000,1573887599,4.56660000,4.56660000,4.56660000,4.56660000,9.83000000
1573887600,1573891199,4.56660000,4.56660000,4.56660000,4.56660000,0.00000000
1573891200,1573894799,4.56660000,4.56660000,4.56660000,4.56660000,0.00000000
1573894800,1573898399,4.56660000,4.56660000,4.56660000,4.56660000,0.00000000
1573898400,1573901999,4.61750000,4.61750000,4.61750000,4.61750000,16.12000000
1573902000,1573905599,4.61750000,4.61750000,4.61750000,4.61750000,0.00000000
1573905600,1573909199,4.58630000,4.58630000,4.58630000,4.58630000,11.00000000
1573909200,1573912799,4.58630000,4.58630000,4.58630000,4.58630000,0.00000000
1573912800,1573916399,4.61500000,4.61500000,4.58140000,4.59300000,85.69000000
1573916400,1573919999,4.61880000,4.61990000,4.61880000,4.61990000,19.38000000
1573920000,1573923599,4.61290000,4.61290000,4.61290000,4.61290000,8.88000000
1573923600,1573927199,4.61290000,4.61290000,4.61290000,4.61290000,0.00000000
1573927200,1573930799,4.60680000,4.60680000,4.60680000,4.60680000,24.84000000
1573930800,1573934399,4.60680000,4.60680000,4.60680000,4.60680000,0.00000000
1573934400,1573937999,4.60680000,4.60680000,4.60680000,4.60680000,0.00000000
1573938000,1573941599,4.60990000,4.60990000,4.60990000,4.60990000,7.91000000
1573941600,1573945199,4.60990000,4.60990000,4.60990000,4.60990000,0.00000000
1573945200,1573948799,4.60990000,4.60990000,4.60990000,4.60990000,0.00000000
1573948800,1573952399,4.64180000,4.64660000,4.64180000,4.64660000,39.50000000
1573952400,1573955999,4.64660000,4.64660000,4.64660000,4.64660000,0.00000000
1573956000,1573959599,4.63330000,4.63330000,4.62540000,4.62540000,32.65000000
1573959600,1573963199,4.62540000,4.62540000,4.62540000,4.62540000,0.00000000
1573963200,1573966799,4.61190000,4.61190000,4.60510000,4.60510000,86.43000000
1573966800,1573970399,4.60510000,4.60510000,4.60510000,4.60510000,0.00000000
1573970400,1573973999,4.61420000,4.61530000,4.61420000,4.61530000,71.90000000
1573974000,1573977599,4.61530000,4.61530000,4.61530000,4.61530000,0.00000000
1573977600,1573981199,4.58930000,4.65520000,4.58710000,4.65190000,259.64000000
1573981200,1573984799,4.65450000,4.66070000,4.64410000,4.66070000,75.08000000
1573984800,1573988399,4.66550000,4.66550000,4.65400000,4.65400000,46.48000000
1573988400,1573991999,4.65510000,4.65510000,4.65510000,4.65510000,3.77000000
1573992000,1573995599,4.65510000,4.65510000,4.65510000,4.65510000,0.00000000
1573995600,1573999199,4.65140000,4.65140000,4.65140000,4.65140000,10.72000000
1573999200,1574002799,4.65140000,4.65140000,4.64850000,4.64850000,19.20000000
1574002800,1574006399,4.63790000,4.63790000,4.62360000,4.62360000,97.12000000
1574006400,1574009999,4.62360000,4.62360000,4.62360000,4.62360000,0.00000000
1574010000,1574013599,4.64580000,4.64580000,4.64110000,4.64110000,44.26000000
1574013600,1574017199,4.64250000,4.64250000,4.63970000,4.63970000,71.94000000
1574017200,1574020799,4.63250000,4.63250000,4.63250000,4.63250000,5.22000000
1574020800,1574024399,4.63230000,4.64830000,4.63230000,4.64540000,37.36000000
1574024400,1574027999,4.64540000,4.64540000,4.64540000,4.64540000,0.00000000
1574028000,1574031599,4.64540000,4.64540000,4.64540000,4.64540000,0.00000000
1574031600,1574035199,4.64540000,4.64540000,4.64540000,4.64540000,0.00000000
1574035200,1574038799,4.60450000,4.60450000,4.60450000,4.60450000,23.60000000
1574038800,1574042399,4.61200000,4.61200000,4.61200000,4.61200000,13.77000000
1574042400,1574045999,4.61200000,4.61200000,4.61200000,4.61200000,0.00000000
1574046000,1574049599,4.59390000,4.59390000,4.59390000,4.59390000,14.16000000
1574049600,1574053199,4.61470000,4.61470000,4.61470000,4.61470000,43.71000000
1574053200,1574056799,4.61470000,4.61470000,4.61470000,4.61470000,0.00000000
1574056800,1574060399,4.59990000,4.59990000,4.59990000,4.59990000,6.06000000
1574060400,1574063999,4.59090000,4.59350000,4.58670000,4.58670000,130.28000000
1574064000,1574067599,4.58670000,4.58670000,4.58670000,4.58670000,0.00000000
1574067600,1574071199,4.59390000,4.59390000,4.57900000,4.57900000,110.86000000
1574071200,1574074799,4.57910000,4.57910000,4.54860000,4.54860000,80.90000000
1574074800,1574078399,4.54020000,4.54020000,4.40720000,4.47210000,3403.95000000
1574078400,1574081999,4.48770000,4.48770000,4.48770000,4.48770000,13.21000000
1574082000,1574085599,4.50550000,4.50550000,4.50300000,4.50300000,19.50000000
1574085600,1574089199,4.52350000,4.52350000,4.52350000,4.52350000,10.59000000
1574089200,1574092799,4.49030000,4.49030000,4.44350000,4.44350000,200.21000000
1574092800,1574096399,4.46950000,4.46950000,4.46950000,4.46950000,29.72000000
1574096400,1574099999,4.46950000,4.46950000,4.46950000,4.46950000,0.00000000
1574100000,1574103599,4.38710000,4.38710000,4.18160000,4.35730000,3768.11000000
1574103600,1574107199,4.35730000,4.39960000,4.33600000,4.39270000,1247.54000000
1574107200,1574110799,4.37380000,4.40890000,4.35810000,4.40620000,290.65000000
1574110800,1574114399,4.38740000,4.41160000,4.38520000,4.40240000,377.42000000
1574114400,1574117999,4.40240000,4.40240000,4.40240000,4.40240000,0.00000000
1574118000,1574121599,4.37040000,4.37120000,4.35900000,4.35900000,71.43000000
1574121600,1574125199,4.33620000,4.38840000,4.33620000,4.38220000,192.54000000
1574125200,1574128799,4.34930000,4.35160000,4.34930000,4.35160000,23.50000000
1574128800,1574132399,4.40560000,4.42990000,4.40280000,4.42610000,91.11000000
1574132400,1574135999,4.41970000,4.42490000,4.41640000,4.41640000,237.90000000
1574136000,1574139599,4.44440000,4.51430000,4.43210000,4.48410000,608.25000000
1574139600,1574143199,4.48570000,4.48570000,4.42480000,4.42480000,198.84000000
1574143200,1574146799,4.42950000,4.42950000,4.35750000,4.35750000,541.03000000
1574146800,1574150399,4.37000000,4.37000000,4.30700000,4.33700000,317.13000000
1574150400,1574153999,4.33570000,4.38170000,4.33570000,4.38060000,178.28000000
1574154000,1574157599,4.36390000,4.37560000,4.36390000,4.37560000,307.41000000
1574157600,1574161199,4.38340000,4.38340000,4.32590000,4.32590000,150.65000000
1574161200,1574164799,4.30520000,4.34120000,4.24750000,4.31960000,1471.79000000
1574164800,1574168399,4.32090000,4.32250000,4.28800000,4.28800000,507.83000000
1574168400,1574171999,4.27310000,4.30290000,4.26900000,4.29830000,742.23000000
1574172000,1574175599,4.29830000,4.29830000,4.29520000,4.29520000,150.17000000
1574175600,1574179199,4.32440000,4.33090000,4.32060000,4.32640000,183.82000000
1574179200,1574182799,4.34450000,4.35350000,4.30280000,4.30280000,147.00000000
1574182800,1574186399,4.28690000,4.32680000,4.28190000,4.32130000,441.17000000
1574186400,1574189999,4.34460000,4.34460000,4.33890000,4.34040000,153.51000000
1574190000,1574193599,4.32960000,4.33220000,4.32960000,4.33100000,48.18000000
1574193600,1574197199,4.31490000,4.32150000,4.31490000,4.32150000,28.22000000
1574197200,1574200799,4.32150000,4.32150000,4.32150000,4.32150000,0.00000000
1574200800,1574204399,4.35290000,4.39670000,4.35290000,4.36940000,136.87000000
1574204400,1574207999,4.37120000,4.37120000,4.35980000,4.36660000,76.91000000
1574208000,1574211599,4.35000000,4.36960000,4.35000000,4.36520000,272.33000000
1574211600,1574215199,4.38200000,4.42330000,4.38200000,4.42330000,118.58000000
1574215200,1574218799,4.40610000,4.40780000,4.40610000,4.40780000,72.23000000
1574218800,1574222399,4.39200000,4.39200000,4.39010000,4.39010000,36.94000000
1574222400,1574225999,4.38250000,4.38610000,4.38250000,4.38610000,34.92000000
1574226000,1574229599,4.36450000,4.37850000,4.35000000,4.37580000,198.23000000
1574229600,1574233199,4.39100000,4.39730000,4.38870000,4.39730000,110.80000000
1574233200,1574236799,4.40890000,4.42330000,4.40660000,4.40660000,354.18000000
1574236800,1574240399,4.39280000,4.39280000,4.39280000,4.39280000,27.28000000
1574240400,1574243999,4.38610000,4.38610000,4.36550000,4.36550000,216.75000000
1574244000,1574247599,4.35830000,4.35830000,4.33880000,4.33880000,121.25000000
1574247600,1574251199,4.34200000,4.38060000,4.34200000,4.37720000,377.07000000
1574251200,1574254799,4.38440000,4.38440000,4.36170000,4.36170000,62.29000000
1574254800,1574258399,4.35150000,4.35150000,4.35150000,4.35150000,24.91000000
1574258400,1574261999,4.36910000,4.37660000,4.36910000,4.37360000,78.29000000
1574262000,1574265599,4.35920000,4.36800000,4.35920000,4.36800000,82.24000000
1574265600,1574269199,4.36650000,4.37070000,4.36650000,4.37070000,42.07000000
1574269200,1574272799,4.37070000,4.37070000,4.37070000,4.37070000,0.00000000
1574272800,1574276399,4.38910000,4.38910000,4.31860000,4.32080000,123.33000000
1574276400,1574279999,4.32040000,4.32040000,4.30150000,4.30150000,116.12000000
1574280000,1574283599,4.30010000,4.32100000,4.30010000,4.30700000,223.91000000
1574283600,1574287199,4.30700000,4.30700000,4.30700000,4.30700000,0.00000000
1574287200,1574290799,4.32390000,4.32760000,4.32390000,4.32760000,29.79000000
1574290800,1574294399,4.32760000,4.32760000,4.32760000,4.32760000,0.00000000
1574294400,1574297999,4.32760000,4.32760000,4.32760000,4.32760000,0.00000000
1574298000,1574301599,4.34870000,4.36880000,4.34870000,4.36880000,8.42000000
1574301600,1574305199,4.36880000,4.36880000,4.36880000,4.36880000,0.00000000
1574305200,1574308799,4.38040000,4.38260000,4.35760000,4.35760000,392.79000000
1574308800,1574312399,4.35760000,4.35760000,4.35760000,4.35760000,0.00000000
1574312400,1574315999,4.35760000,4.35760000,4.35760000,4.35760000,0.00000000
1574316000,1574319599,4.34200000,4.34290000,4.34190000,4.34290000,21.61000000
1574319600,1574323199,4.35010000,4.35990000,4.33910000,4.34670000,215.99000000
1574323200,1574326799,4.34060000,4.34060000,4.28420000,4.30100000,186.67000000
1574326800,1574330399,4.31160000,4.31610000,4.30200000,4.30200000,477.09000000
1574330400,1574333999,4.30160000,4.30160000,4.27730000,4.29150000,68.23000000
1574334000,1574337599,4.27770000,4.27770000,4.25230000,4.25520000,457.12000000
1574337600,1574341199,4.26100000,4.26300000,4.24540000,4.24680000,160.29000000
1574341200,1574344799,4.24670000,4.24670000,4.24670000,4.24670000,15.52000000
1574344800,1574348399,4.23940000,4.23940000,4.14620000,4.16310000,465.17000000
1574348400,1574351999,4.16000000,4.16000000,4.03400000,4.14060000,5104.90000000
1574352000,1574355599,4.14350000,4.14880000,4.13210000,4.13210000,388.74000000
1574355600,1574359199,4.13520000,4.13520000,4.10340000,4.10340000,181.73000000
1574359200,1574362799,4.08970000,4.09270000,4.08970000,4.09270000,46.61000000
1574362800,1574366399,4.12550000,4.13050000,4.12550000,4.13050000,45.40000000
1574366400,1574369999,4.14670000,4.14670000,4.14670000,4.14670000,17.13000000
1574370000,1574373599,4.13620000,4.13620000,4.13080000,4.13080000,31.80000000
1574373600,1574377199,4.13900000,4.13900000,4.13900000,4.13900000,16.96000000
1574377200,1574380799,4.13900000,4.13900000,4.13900000,4.13900000,0.00000000
1574380800,1574384399,4.17150000,4.18140000,4.17150000,4.18140000,19.48000000
1574384400,1574387999,4.18140000,4.18140000,4.18140000,4.18140000,0.00000000
1574388000,1574391599,4.17920000,4.17920000,4.17910000,4.17910000,39.22000000
1574391600,1574395199,4.19040000,4.19040000,4.18870000,4.18870000,64.17000000
1574395200,1574398799,4.17730000,4.17730000,4.17730000,4.17730000,4.66000000
1574398800,1574402399,4.17730000,4.17730000,4.17730000,4.17730000,0.00000000
1574402400,1574405999,4.10860000,4.10960000,4.10860000,4.10960000,149.07000000
1574406000,1574409599,4.07880000,4.15160000,4.06710000,4.15160000,251.48000000
1574409600,1574413199,4.17310000,4.17310000,4.11970000,4.13160000,265.67000000
1574413200,1574416799,4.07790000,4.07980000,3.95280000,4.01780000,3567.98000000
1574416800,1574420399,4.00450000,4.00610000,3.79420000,3.87300000,1535.25000000
1574420400,1574423999,3.89660000,3.92670000,3.87570000,3.88300000,560.44000000
1574424000,1574427599,3.89890000,3.89890000,3.84650000,3.89220000,189.14000000
1574427600,1574431199,3.87600000,3.87600000,3.71340000,3.71340000,483.65000000
1574431200,1574434799,3.68920000,3.74910000,3.55880000,3.71320000,1512.89000000
1574434800,1574438399,3.73350000,3.83990000,3.73350000,3.83790000,750.11000000
1574438400,1574441999,3.87230000,3.90820000,3.80060000,3.81380000,122.87000000
1574442000,1574445599,3.83080000,3.83180000,3.81660000,3.81750000,212.50000000
1574445600,1574449199,3.85920000,3.90940000,3.85920000,3.89080000,115.60000000
1574449200,1574452799,3.89990000,3.95050000,3.88200000,3.94090000,1252.07000000
1574452800,1574456399,3.94540000,3.96900000,3.91880000,3.94420000,378.55000000
1574456400,1574459999,3.91950000,3.95270000,3.91940000,3.93370000,203.54000000
1574460000,1574463599,3.92350000,3.92920000,3.83280000,3.83280000,226.19000000
1574463600,1574467199,3.87680000,3.87680000,3.86540000,3.86540000,49.35000000
1574467200,1574470799,3.87200000,3.87200000,3.79880000,3.81480000,73.01000000
1574470800,1574474399,3.84160000,3.86260000,3.82780000,3.82780000,110.65000000
1574474400,1574477999,3.85760000,3.86690000,3.82980000,3.82980000,296.58000000
1574478000,1574481599,3.84750000,3.87060000,3.84750000,3.86550000,103.23000000
1574481600,1574485199,3.86560000,3.86560000,3.85480000,3.85480000,139.88000000
1574485200,1574488799,3.85480000,3.85480000,3.85480000,3.85480000,0.00000000
1574488800,1574492399,3.85480000,3.85480000,3.85480000,3.85480000,0.00000000
1574492400,1574495999,3.82260000,3.82580000,3.82260000,3.82580000,30.41000000
1574496000,1574499599,3.84100000,3.84100000,3.84100000,3.84100000,12.65000000
1574499600,1574503199,3.80860000,3.81920000,3.80690000,3.81920000,141.87000000
1574503200,1574506799,3.81920000,3.81920000,3.81920000,3.81920000,0.00000000
1574506800,1574510399,3.88550000,3.88550000,3.88550000,3.88550000,14.95000000
1574510400,1574513999,3.85620000,3.85620000,3.85620000,3.85620000,23.36000000
1574514000,1574517599,3.85620000,3.85620000,3.85620000,3.85620000,0.00000000
1574517600,1574521199,3.87860000,3.92420000,3.85750000,3.92420000,1082.26000000
1574521200,1574524799,3.92570000,3.99710000,3.91620000,3.99200000,755.25000000
1574524800,1574528399,3.99160000,4.07210000,3.99160000,4.07210000,646.46000000
1574528400,1574531999,4.02060000,4.02240000,3.98210000,3.99210000,525.00000000
1574532000,1574535599,3.98280000,3.98930000,3.98280000,3.98930000,41.76000000
1574535600,1574539199,3.98930000,3.98930000,3.98930000,3.98930000,103.41000000
1574539200,1574542799,3.95510000,3.95510000,3.95510000,3.95510000,5.05000000
1574542800,1574546399,3.93790000,3.93790000,3.93790000,3.93790000,91.94000000
1574546400,1574549999,3.93790000,3.93790000,3.93790000,3.93790000,0.00000000
1574550000,1574553599,3.98920000,3.98930000,3.98920000,3.98920000,75.31000000
1574553600,1574557199,3.96100000,3.96100000,3.93760000,3.95230000,81.60000000
1574557200,1574560799,3.95230000,3.95230000,3.95230000,3.95230000,0.00000000
1574560800,1574564399,3.95230000,3.95230000,3.95230000,3.95230000,0.00000000
1574564400,1574567999,3.92320000,3.92320000,3.92320000,3.92320000,46.83000000
1574568000,1574571599,3.92320000,3.92320000,3.92320000,3.92320000,0.00000000
1574571600,1574575199,3.93220000,3.93220000,3.93220000,3.93220000,7.22000000
1574575200,1574578799,3.96500000,3.96500000,3.96500000,3.96500000,3.00000000
1574578800,1574582399,3.95220000,3.95220000,3.95220000,3.95220000,25.82000000
1574582400,1574585999,3.95220000,3.95220000,3.95220000,3.95220000,0.00000000
1574586000,1574589599,3.93290000,3.93290000,3.93290000,3.93290000,19.61000000
1574589600,1574593199,3.93240000,3.95610000,3.91250000,3.92430000,405.88000000
1574593200,1574596799,3.94730000,3.94730000,3.93290000,3.93510000,154.68000000
1574596800,1574600399,3.92020000,3.92020000,3.91520000,3.91520000,28.23000000
1574600400,1574603999,3.90540000,3.90540000,3.90540000,3.90540000,53.83000000
1574604000,1574607599,3.88580000,3.88580000,3.78790000,3.83540000,541.73000000
1574607600,1574611199,3.83550000,3.83550000,3.77800000,3.78160000,265.26000000
1574611200,1574614799,3.78080000,3.82460000,3.70740000,3.81740000,798.17000000
1574614800,1574618399,3.82120000,3.82180000,3.82120000,3.82180000,65.98000000
1574618400,1574621999,3.82180000,3.82180000,3.82180000,3.82180000,0.00000000
1574622000,1574625599,3.82890000,3.82890000,3.82890000,3.82890000,11.68000000
1574625600,1574629199,3.80700000,3.80700000,3.80700000,3.80700000,7.77000000
1574629200,1574632799,3.81410000,3.81410000,3.81410000,3.81410000,31.77000000
1574632800,1574636399,3.79060000,3.79340000,3.79060000,3.79340000,72.06000000
1574636400,1574639999,3.77540000,3.77540000,3.68660000,3.68660000,758.76000000
1574640000,1574643599,3.69250000,3.74880000,3.65830000,3.71160000,1887.19000000
1574643600,1574647199,3.73510000,3.75950000,3.61380000,3.64210000,2380.90000000
1574654400,1574657999,3.60200000,3.62880000,3.58000000,3.62570000,296.82000000
1574658000,1574661599,3.61350000,3.61350000,3.54340000,3.54340000,445.11000000
1574661600,1574665199,3.55690000,3.61630000,3.55690000,3.61630000,102.17000000
1574665200,1574668799,3.62480000,3.64190000,3.61840000,3.63090000,82.79000000
1574668800,1574672399,3.62760000,3.62760000,3.62760000,3.62760000,10.40000000
1574672400,1574675999,3.69420000,3.69420000,3.69010000,3.69010000,65.22000000
1574676000,1574679599,3.72230000,3.72230000,3.71510000,3.71510000,57.62000000
1574679600,1574683199,3.77420000,3.78790000,3.74260000,3.76080000,488.61000000
1574683200,1574686799,3.78790000,3.89550000,3.78790000,3.86780000,2088.57000000
1574686800,1574690399,3.87710000,3.91560000,3.86870000,3.86870000,1305.21000000
1574690400,1574693999,3.87050000,3.87220000,3.87050000,3.87220000,25.52000000
1574694000,1574697599,3.89770000,3.92290000,3.89770000,3.92290000,81.04000000
1574697600,1574701199,3.92290000,3.92290000,3.92290000,3.92290000,0.00000000
1574701200,1574704799,3.92290000,3.92290000,3.92290000,3.92290000,0.00000000
1574704800,1574708399,3.88700000,3.88700000,3.88700000,3.88700000,3.00000000
1574708400,1574711999,3.85230000,3.85230000,3.85230000,3.85230000,2.84000000
1574712000,1574715599,3.85230000,3.85230000,3.80020000,3.80020000,121.26000000
1574715600,1574719199,3.80020000,3.80020000,3.80020000,3.80020000,0.00000000
1574719200,1574722799,3.80020000,3.80020000,3.80020000,3.80020000,0.00000000
1574722800,1574726399,3.78370000,3.78370000,3.77960000,3.77960000,76.01000000
1574726400,1574729999,3.76460000,3.76460000,3.76460000,3.76460000,83.47000000
1574730000,1574733599,3.81570000,3.83610000,3.81570000,3.83100000,145.09000000
1574733600,1574737199,3.83100000,3.83100000,3.83100000,3.83100000,0.00000000
1574737200,1574740799,3.83680000,3.89910000,3.83680000,3.89910000,42.04000000
1574740800,1574744399,3.86530000,3.86530000,3.86530000,3.86530000,27.00000000
1574744400,1574747999,3.86530000,3.86530000,3.86530000,3.86530000,0.00000000
1574748000,1574751599,3.87000000,3.87000000,3.87000000,3.87000000,15.00000000
1574751600,1574755199,3.83420000,3.87090000,3.82750000,3.85860000,968.65000000
1574755200,1574758799,3.86960000,3.86960000,3.85120000,3.85430000,299.61000000
1574758800,1574762399,3.85430000,3.85430000,3.85430000,3.85430000,0.00000000
1574762400,1574765999,3.85430000,3.85430000,3.85430000,3.85430000,0.00000000
1574766000,1574769599,3.81020000,3.84860000,3.81020000,3.84860000,261.59000000
1574769600,1574773199,3.85210000,3.85210000,3.83770000,3.83910000,128.27000000
1574773200,1574776799,3.83260000,3.83260000,3.83260000,3.83260000,21.30000000
1574776800,1574780399,3.83140000,3.83230000,3.83140000,3.83230000,69.88000000
1574780400,1574783999,3.83350000,3.83350000,3.82480000,3.82480000,49.92000000
1574784000,1574787599,3.82480000,3.82480000,3.82480000,3.82480000,0.00000000
1574787600,1574791199,3.83540000,3.83550000,3.83540000,3.83550000,33.08000000
1574791200,1574794799,3.83590000,3.83590000,3.82290000,3.82530000,229.38000000
1574794800,1574798399,3.83170000,3.83320000,3.83170000,3.83320000,81.09000000
1574798400,1574801999,3.83320000,3.83320000,3.83320000,3.83320000,0.00000000
1574802000,1574805599,3.86280000,3.87780000,3.86280000,3.86510000,124.14000000
1574805600,1574809199,3.86510000,3.86510000,3.86510000,3.86510000,0.00000000
1574809200,1574812799,3.86310000,3.86310000,3.86310000,3.86310000,11.10000000
1574812800,1574816399,3.86310000,3.86310000,3.86310000,3.86310000,0.00000000
1574816400,1574819999,3.86310000,3.86310000,3.86310000,3.86310000,0.00000000
1574820000,1574823599,3.85000000,3.85000000,3.85000000,3.85000000,3.68000000
1574823600,1574827199,3.85000000,3.85000000,3.85000000,3.85000000,0.00000000
1574827200,1574830799,3.81800000,3.82120000,3.81800000,3.81810000,248.55000000
1574830800,1574834399,3.80710000,3.80710000,3.78600000,3.78600000,51.87000000
1574834400,1574837999,3.78600000,3.78600000,3.78600000,3.78600000,0.00000000
1574838000,1574841599,3.80480000,3.80480000,3.80480000,3.80480000,31.21000000
1574841600,1574845199,3.79400000,3.79400000,3.79280000,3.79280000,29.08000000
1574845200,1574848799,3.73670000,3.73670000,3.69660000,3.70070000,165.66000000
1574848800,1574852399,3.69790000,3.69790000,3.68480000,3.68480000,109.24000000
1574852400,1574855999,3.80900000,3.82430000,3.80290000,3.82380000,118.98000000
1574856000,1574859599,3.82060000,3.86770000,3.82060000,3.86650000,206.24000000
1574859600,1574863199,3.86870000,3.86870000,3.86870000,3.86870000,15.95000000
1574863200,1574866799,3.85910000,3.85910000,3.85190000,3.85280000,46.26000000
1574866800,1574870399,3.88580000,3.88580000,3.88580000,3.88580000,2.99000000
1574870400,1574873999,3.90000000,3.95780000,3.89560000,3.94840000,44.32000000
1574874000,1574877599,3.98280000,4.04660000,3.98080000,4.02950000,2482.29000000
1574877600,1574881199,4.02180000,4.02220000,3.99890000,3.99890000,141.48000000
1574881200,1574884799,3.99890000,3.99890000,3.99890000,3.99890000,0.00000000
1574884800,1574888399,4.03970000,4.04770000,4.03740000,4.03740000,100.29000000
1574888400,1574891999,3.95920000,3.95920000,3.95740000,3.95740000,125.25000000
1574892000,1574895599,3.96500000,3.96500000,3.96500000,3.96500000,16.39000000
1574895600,1574899199,3.96580000,3.96580000,3.96580000,3.96580000,5.05000000
1574899200,1574902799,3.96580000,3.96580000,3.96580000,3.96580000,0.00000000
1574902800,1574906399,3.96580000,3.96580000,3.96580000,3.96580000,0.00000000
1574906400,1574909999,3.91970000,3.95590000,3.87820000,3.93730000,322.23000000
1574910000,1574913599,3.93730000,3.93730000,3.93730000,3.93730000,0.00000000
1574913600,1574917199,3.93730000,3.93730000,3.93730000,3.93730000,0.00000000
1574917200,1574920799,3.93730000,3.93730000,3.93730000,3.93730000,0.00000000
1574920800,1574924399,3.91610000,3.97290000,3.91610000,3.97290000,193.75000000
1574924400,1574927999,3.96990000,3.97520000,3.96990000,3.97520000,54.73000000
1574928000,1574931599,3.96860000,3.96860000,3.96850000,3.96850000,22.55000000
1574931600,1574935199,3.96850000,3.96850000,3.96850000,3.96850000,0.00000000
1574935200,1574938799,3.96850000,3.96850000,3.96850000,3.96850000,0.00000000
1574938800,1574942399,3.96850000,3.96850000,3.96850000,3.96850000,0.00000000
1574942400,1574945999,3.93420000,3.93420000,3.93420000,3.93420000,23.43000000
1574946000,1574949599,3.93420000,3.93420000,3.93420000,3.93420000,0.00000000
1574949600,1574953199,3.95020000,3.95020000,3.95020000,3.95020000,24.64000000
1574953200,1574956799,3.98550000,4.01100000,3.98550000,3.99900000,172.10000000
1574956800,1574960399,3.99370000,3.99370000,3.99370000,3.99370000,23.57000000
1574960400,1574963999,3.99370000,3.99370000,3.99370000,3.99370000,0.00000000
1574964000,1574967599,4.00000000,4.00000000,4.00000000,4.00000000,750.00000000
1574967600,1574971199,4.00000000,4.00000000,4.00000000,4.00000000,0.00000000
1574971200,1574974799,3.98020000,3.98020000,3.98020000,3.98020000,29.89000000
1574974800,1574978399,3.98020000,3.98020000,3.98020000,3.98020000,0.00000000
1574978400,1574981999,3.98420000,3.98420000,3.95460000,3.95460000,202.49000000
1574982000,1574985599,3.91790000,3.96900000,3.91600000,3.95030000,478.04000000
1574985600,1574989199,3.93540000,3.98020000,3.93540000,3.97640000,143.69000000
1574989200,1574992799,3.98210000,3.98210000,3.98210000,3.98210000,25.14000000
1574992800,1574996399,3.98210000,3.98210000,3.98210000,3.98210000,0.00000000
1574996400,1574999999,3.97500000,3.97500000,3.97500000,3.97500000,21.02000000
1575000000,1575003599,3.97500000,3.97500000,3.97500000,3.97500000,0.00000000
1575003600,1575007199,3.97500000,3.97500000,3.97500000,3.97500000,0.00000000
1575007200,1575010799,3.93800000,3.95060000,3.93800000,3.95060000,98.40000000
1575010800,1575014399,3.95060000,3.95060000,3.95060000,3.95060000,0.00000000
1575014400,1575017999,3.96570000,3.96570000,3.96570000,3.96570000,28.16000000
1575018000,1575021599,4.01450000,4.04480000,4.01290000,4.01290000,115.36000000
1575021600,1575025199,4.07250000,4.07250000,4.04020000,4.04020000,131.99000000
1575025200,1575028799,4.03660000,4.06790000,4.03250000,4.06010000,256.88000000
1575028800,1575032399,4.01440000,4.09510000,4.01440000,4.05770000,379.24000000
1575032400,1575035999,4.07600000,4.11720000,4.07600000,4.10460000,205.66000000
1575036000,1575039599,4.10460000,4.10460000,4.10460000,4.10460000,0.00000000
1575039600,1575043199,4.10460000,4.10460000,4.10460000,4.10460000,0.00000000
1575043200,1575046799,4.07510000,4.07510000,4.07510000,4.07510000,10.11000000
1575046800,1575050399,4.07670000,4.07670000,4.07670000,4.07670000,25.41000000
1575050400,1575053999,4.07670000,4.07670000,4.07670000,4.07670000,0.00000000
1575054000,1575057599,4.08320000,4.08320000,4.08320000,4.08320000,6.28000000
1575057600,1575061199,4.08320000,4.08320000,4.08320000,4.08320000,0.00000000
1575061200,1575064799,4.08320000,4.08320000,4.08320000,4.08320000,0.00000000
1575064800,1575068399,4.08320000,4.08320000,4.08320000,4.08320000,0.00000000
1575068400,1575071999,4.08320000,4.08320000,4.08320000,4.08320000,0.00000000
1575072000,1575075599,4.08320000,4.08320000,4.08320000,4.08320000,0.00000000
1575075600,1575079199,4.08320000,4.08320000,4.08320000,4.08320000,0.00000000
1575079200,1575082799,4.06690000,4.06690000,4.06690000,4.06690000,56.98000000
1575082800,1575086399,4.05030000,4.05030000,4.05030000,4.05030000,20.42000000
1575086400,1575089999,4.05030000,4.05030000,4.05030000,4.05030000,0.00000000
1575090000,1575093599,4.05030000,4.05030000,4.05030000,4.05030000,0.00000000
1575093600,1575097199,4.05030000,4.05030000,4.05030000,4.05030000,0.00000000
1575097200,1575100799,4.05030000,4.05030000,4.05030000,4.05030000,0.00000000
1575100800,1575104399,4.04550000,4.04550000,4.03960000,4.03960000,52.33000000
1575104400,1575107999,4.02810000,4.02810000,4.02810000,4.02810000,30.18000000
1575108000,1575111599,3.99930000,4.00200000,3.98460000,3.98460000,273.43000000
1575111600,1575115199,3.98460000,3.98460000,3.98460000,3.98460000,0.00000000
1575115200,1575118799,3.98460000,3.98460000,3.98460000,3.98460000,0.00000000
1575118800,1575122399,3.98460000,3.98460000,3.98460000,3.98460000,0.00000000
1575122400,1575125999,3.96280000,3.96280000,3.94830000,3.94830000,75.62000000
1575126000,1575129599,3.94830000,3.94830000,3.94830000,3.94830000,0.00000000
1575129600,1575133199,3.95090000,3.95090000,3.95090000,3.95090000,10.64000000
1575133200,1575136799,3.95090000,3.95090000,3.95090000,3.95090000,0.00000000
1575136800,1575140399,3.90950000,3.90950000,3.90950000,3.90950000,113.41000000
1575140400,1575143999,3.88940000,3.94040000,3.88940000,3.94040000,140.84000000
1575144000,1575147599,3.93580000,3.93580000,3.93580000,3.93580000,50.95000000
1575147600,1575151199,3.93580000,3.93580000,3.93580000,3.93580000,0.00000000
1575151200,1575154799,3.94360000,3.94460000,3.94360000,3.94460000,39.15000000
1575154800,1575158399,3.94540000,3.94880000,3.94540000,3.94690000,72.91000000
1575158400,1575161999,3.90810000,3.92170000,3.90570000,3.90900000,52.74000000
1575162000,1575165599,3.89860000,3.90580000,3.86920000,3.88820000,300.25000000
1575165600,1575169199,3.86790000,3.91020000,3.82990000,3.84830000,1783.79000000
1575169200,1575172799,3.84940000,3.85270000,3.83420000,3.83420000,280.63000000
1575172800,1575176399,3.84380000,3.85690000,3.84380000,3.85690000,19.21000000
1575176400,1575179999,3.83740000,3.83740000,3.83740000,3.83740000,45.76000000
